"Section ","Element ","Cardinality MULTIPLE MULTIPLE MULTIPLE ","Required Required Required Required Recommended Recommended Recommended Optional Optional Recommended Optional Recommended","Field Title File Name Title Version SHA256 digest Description Identifier Primary Language Other Languages Subjects Keywords Data Dictionary File Name","Field Name fileName title version sha256Digest description identifier primaryLanguage otherLanguages subjects keywords dataDictionaryFileName","Description The data-file file name.  This is just the file name and does not included any path information A title or descriptive name by which the data-file being described is known. This is a presentation name (i.e. title case with appropriate spacing) and is typically different from the actual file name of the data file.

Multiple titles and different languages may be specified. The string identifying the version of the data-file.

This field accepts any version string, but we suggest that semantic versioning of the form `major.minor.patch`. for example, `2.1.4`, is used. A SHA256 digest of the Data File contents. This is a 64 characters long hexadecimal string. 

For example, the SHA256 digest of the string, ""RADx Data Hub"" is `ebff8d3da88b292622d3bfc36bdac4c4537ddc56cb07f344c5223d6b6f9cd011`.

On macOS the following command may be used to generate the SHA256 digest of a file.

```
shasum -a 256 /path/to/file
``` A description of the data file contents. A globally unique string that identifies the Data File being described. It is typically a DOI (Digital Object Identifier) or IRI (International Resource Identifier, or Web address). The identifier is typically generated by data providers or data publishers who wish to have a citable and Web-accessible resource.

Example DOIs are `doi:10.1000/182` or `https://doi.org/10.1000/182`, both of which identify the DOI Handbook, which has a DOI of 10.1000/182

See also:  [https://en.wikipedia.org/wiki/Digital_object_identifier](https://en.wikipedia.org/wiki/Digital_object_identifier) The primary language used to present the data-file (if multiple languages are present, the _Other Languages_ field may be used to add additional languages). A list of other, non-primary, languages in which the data file being described is provided. The Medical Subject Headings (MeSH) subject code that identifies a classification subject that is pertinent to the data file. Free text subject, keyword, classification code, or key phrase describing the data file or purpose for which the data file can be used. While MeSH codes are the preferred form of specifying subjects this free text field may be used for codes or subject keywords that do not have a corresponding MeSH terms. The file name of the Data Dictionary file that defines the Data File's data elements.

Each Data File submitted should have its own data dictionary. For example, survery_results_origcopy.csv and survery_results_transformcopy.csv should both have data dictionary files (survery_results_origcopy_DICT.csv and survery_results_transformcopy_DICT.csv) associated with them. ","Primitive Type string LangString string string LangString IRI langTag langTag IRI term string","Pattern [0-9a-f]{64} ","Derived ","Visibility ","Example COVID-19_Booster_Shot_June_2022_Responses.csv COVID-19 Booster Shot Side Effects Survey Responses 1.0.1 ebff8d3da88b292622d3bfc36bdac4c4537ddc56cb07f344c5223d6b6f9cd011 This dataset provides responses from a survey carried out in June 2022 whose purpose was to ascertain side-effects of receiving the COVID-19 booster shot. http://doi.org/10.1000/182 en es [COVID-19 vaccine booster shot](http://purl.bioontology.org/ontology/MESH/C000719227) COVID-19 vaccine booster shot COVID-19_Booster_Shot_June_2022_Responses--DICT.csv","Lookup https://bioportal.bioontology.org/ontologies/MESH ","Property https://w3id.org/radx/radmo/fileName https://w3id.org/radx/radmo/title https://w3id.org/radx/radmo/version https://w3id.org/radx/radmo/sha256Digest https://w3id.org/radx/radmo/description https://w3id.org/radx/radmo/identifier https://w3id.org/radx/radmo/primaryLanguage https://w3id.org/radx/radmo/otherLanguages https://w3id.org/radx/radmo/subjects https://w3id.org/radx/radmo/keywords https://w3id.org/radx/radmo/dataDictionaryFileName","Type textarea IRI language language ","Default Value en ","Controlled Terms ","","","","","","","","","","","","","","","","","","",""
"","","","Recommended","Size","size","The size of the file in bytes","long","","","","1078000","","https://w3id.org/radx/radmo/size","long","","","","","","","","","","","","","","","","","","","","",""
"","","","Recommended","Mime Type","mimeType","The Mime Type. For Comma Separated Values files (CSV) the mime type is text/csv","term","","","","[text/csv](https://w3id.org/gdmt/text-csv)","https://bioportal.bioontology.org/ontologies/GDMT?p=classes&conceptid=https%3A%2F%2Fw3id.org%2Fgdmt%2FMIMEType","https://w3id.org/radx/radmo/mimeType","","","","","","","","","","","","","","","","","","","","","",""
"","","","","","","","","","","","","","https://w3id.org/radx/radmo/","","","","","","","","","","","","","","","","","","","","","",""
"","CSV File Properties","SINGLE","Optional","","csvFileProperties","A list of people and/or organizations that contributed to this data file.  This element allows roles to be specified that describe the role of a contributor with respect to the data file.  Multiple roles can be specified.","","","","","","","https://w3id.org/radx/radmo/csvFileProperties","","","","","","","","","","","","","","","","","","","","","",""
"","","","Recommended","Encoding","encoding","The file encoding.  For RADx CSV files this is usually ""utf-8""","string","","","","utf-8","","https://w3id.org/radx/radmo/encoding","","","","","","","","","","","","","","","","","","","","","",""
"","","","Recommended","Row Count","rowCount","The number of rows in the CSV file (including empty rows).  This includes the header rows.  Thus if there is one header row and ten data rows the row count is 11.","integer","","","","33","","https://w3id.org/radx/radmo/rowCount","integer","","","","","","","","","","","","","","","","","","","","",""
"","","","Recommended","Column Count","columnCount","The number of columns in the CSV file (including empty columns)","integer","","","","22","","https://w3id.org/radx/radmo/columnCount","integer","","","","","","","","","","","","","","","","","","","","",""
"","","","Recommended","Header Row Count","headerRowCount","Specifies the number of rows that constitute the header row.  All RADx files should have CSV header rows.  The default value for this field is 1","integer","","","","1","","https://w3id.org/radx/radmo/headerRowCount","","","","","","","","","","","","","","","","","","","","","",""
"","","MULTIPLE","Recommended","Header Row Column Names","headerRowColumnNames","Specifies a list of column names that are contained in the header row","string","","","","","","https://w3id.org/radx/radmo/headerRowColumnNames","","1","","","","","","","","","","","","","","","","","","","",""
"","","MULTIPLE","Recommended","Line Terminator","lineTerminator","The unicode character sequence that separates rows.  The linefeed character \n has the unicode representation of U+000A","string","(U+[0-9A-F]{4})+","","","","","https://w3id.org/radx/radmo/lineTerminator","","\n","","","","","","","","","","","","","","","","","","","",""
"","","","Recommended","Delimeter","delimeter","The unicode character sequence that separates columns.  This is a comma, which has a unicode code of U+002C. ","character","U+[0-9A-F]{4}","","","","","https://w3id.org/radx/radmo/delimeter","",",","","","","","","","","","","","","","","","","","","","",""
"","","","Recommended","Quote Character","quoteCharacter","The quote character is a string that is used around escaped cells. The default is "".","character","U+[0-9A-F]{4}","","","","","https://w3id.org/radx/radmo/quoteCharacter","","""","","","","","","","","","","","","","","","","","","","",""
"","","","Recommended","Trim","trim","Indicated whether to trim white space around cells.  Either true, false, start or end.  The default value is true","string","true|false|start|end","","","","","https://w3id.org/radx/radmo/trim","","TRUE","","","","","","","","","","","","","","","","","","","",""
"","","","Recommended","Comment Prefix","commentPrefix","The prefix used for comments.  This is a single character.  The default value is #.","character","","","","#","","https://w3id.org/radx/radmo/commentPrefix","","#","","","","","","","","","","","","","","","","","","","",""
"","Data File Contributors","MULTIPLE","Optional","","dataFileContributors","A list of people and/or organizations that contributed to this data file.  This element allows roles to be specified that describe the role of a contributor with respect to the data file.  Multiple roles can be specified.","","","","","","","https://w3id.org/radx/radmo/dataFileContributors","","","","","","","","","","","","","","","","","","","","","",""
"","","","Optional","Contributor Type","contributorType","The broad type of the contributor (person or organization).","term","","","","[Person](https://w3id.org/gdmt/Person)","https://bioportal.bioontology.org/ontologies/GDMT/?p=classes&conceptid=https://w3id.org/gdmt/ResourceCreatorType","https://w3id.org/radx/radmo/contributorType","","[Person](https://w3id.org/gdmt/Person)","Organization, Person","","","","","","","","","","","","","","","","","","",""
"","","","Optional","Contributor Role","contributorRole","The role of the contributor in bringing the described data file into existence.","term","","","","[Data Collector](https://w3id.org/gdmt/DataCollector)","https://bioportal.bioontology.org/ontologies/GDMT/?p=classes&conceptid=https://w3id.org/gdmt/ContributorRole","https://w3id.org/radx/radmo/contributorRole","","","Contact Person, Data Collector, Data Curator, Data Manager, Distributor, Editor, Hosting Institution, Other Role, Producer, Project Leader, Project Manager, Project Member, Registration Agency, Registration Authority, Related Person, Research Group, Researcher, Rights Holder, Sponsor, Supervisor, Work Package Leader","","","","","","","","","","","","","","","","","","",""
"","","","Required","Contributor Name","contributorName","The full name of the contributor.","string","","","","Josiah Carberry","","https://w3id.org/radx/radmo/contributorName","","","","","","","","","","","","","","","","","","","","","",""
"","","","Optional","Contributor Given Name","contributorGivenName","If the contributor is a person, the personal name(s) of the contributor (e.g., first and optionally middle name in Western languagues, optionally middle and last name in Asian languages).","string","","","","Josiah","","https://w3id.org/radx/radmo/contributorGivenName","","","","","","","","","","","","","","","","","","","","","",""
"","","","Optional","Contributor Family Name","contributorFamilyName","If the contributor is a person, the surname(s) of the conributor (e.g., last name in Western languagues, first name in Asian languages).","string","","","","Carberry","","https://w3id.org/radx/radmo/contributorFamilyName","","","","","","","","","","","","","","","","","","","","","",""
"","","","Optional","Contributor Email","contributorEmail","An email address of the contributor.","string","","","","josiah.carberry@example.com","","https://w3id.org/radx/radmo/contributorEmail","email","","","","","","","","","","","","","","","","","","","","",""
"","","MULTIPLE","Recommended","Contributor Identifier","contributorIdentifier","Globally unique string that identifies the contributor (an individual or legal entity). For individuals, this is typically an ORCID; for research organizations, it is typically an ROR.

The ORCID iD is an https IRI with a 16-digit number that is compatible with the ISO Standard (ISO 27729), also known as the International Standard Name Identifier (ISNI), e.g. https://orcid.org/0000-0001-2345-6789 

_[ORCID](https://orcid.org) provides a persistent digital identifier (an ORCID iD) that distinguishes each researcher from every other researcher. You can connect your iD with your professional informationâ€”affiliations, grants, publications, peer review, and more. You can use your iD to share your information with other systems, ensuring you get recognition for all your contributions, saving you time and hassle, and reducing the risk of errors._

The ROR is an https IRI that uniquely identifies most research organizatiions. 

_The [Research Organization Registry (ROR)](https://ror.org) is a community-led project to develop an open, sustainable, usable, and unique identifier for every research organization in the world._","IRI","","","","https://orcid.org/0000-0002-1825-0097","","https://w3id.org/radx/radmo/contributorIdentifier","","","","","","","","","","","","","","","","","","","","","",""
"","","","Optional","Contributor Affiliation","contributorAffiliation","If the contributor is a person, the organizational or institutional affiliation of the contributor.","string","","","","Brown University","","https://w3id.org/radx/radmo/contributorAffiliation","","","","","","","","","","","","","","","","","","","","","",""
"","","","Optional","Contributor Affiliation Identifier","contributorAffiliationIdentifier","Globally unique string that identifies the organizational affiliation of the contributor.  

We suggest that you an identifier from the [Research Organization Registry (ROR)](https://ror.org), a community-led project to develop an open, sustainable, usable, and unique identifier for every research organization in the world.","IRI","","","","https://ror.org/05gq02987","","https://w3id.org/radx/radmo/contributorAffiliationIdentifier","","","","","","","","","","","","","","","","","","","","","",""
"","","","Optional","Contributor Affiliation Unique Entity Identifier","contributorAffiliationUniqueEntityIdentifier","The Unique Entity Identifier (UEI) for the contributor affiliation.  A Unique Entity Identifier is a 12-character alphanumeric ID assigned to an entity by SAM.gov.  UEIs replace DUNS numbers.","string","","","","","","https://w3id.org/radx/radmo/contributorAffiliationUniqueEntityIdentifier","","","","","","","","","","","","","","","","","","","","","",""
"","Data File Related Resources","MULTIPLE","","","dataFileRelatedResources","A list of resources related to the Data File being described. Resources may be publications, manuals, depositories, web pages, or other entities that related to this data set and its creation and use.","","","","","","","https://w3id.org/radx/radmo/dataFileRelatedResources","","","","","","","","","","","","","","","","","","","","","",""
"","","","Optional","Related Resource Identifier","relatedResourceIdentifier","A globally unique string that identifies a resource that is related to the data file being described. Typically this is an IRI representing a Web page, but it can be some other type of unique identifier that identifies any digital or non-digital resource.","","","","","","","https://w3id.org/radx/radmo/relatedResourceIdentifier","","","","","","","","","","","","","","","","","","","","","",""
"","","","Optional","Related Resource Identifier Type","relatedResourceIdentifierType","The identifier type used to identify the related resource.","","","","","","https://bioportal.bioontology.org/ontologies/GDMT/?p=classes&conceptid=https://w3id.org/gdmt/IdentifierType","https://w3id.org/radx/radmo/relatedResourceIdentifierType","","","ARK, arXiv, bibcode, DOI, EAN13, EISSN, Handle, IGSN, IRI, ISBN, ISSN, ISTC, LISSN, LSID, PMID, PURL, UPC, URI, URL, URN, w3id","","","","","","","","","","","","","","","","","","",""
"","","","Optional","Related Resource File Name","relatedResourceFileName","The local name of the related resource file (given by the operating system or web service), or for non-digital resources, the local name used to refer to it.","","","","","","","https://w3id.org/radx/radmo/relatedResourceFileName","","","","","","","","","","","","","","","","","","","","","",""
"","","","Optional","Related Resource Type Category","relatedResourceTypeCategory","Categorical type of the resource being described. (Corresponds to DataCite's resourceTypeGeneral.) For publications about the Data File, choose Text; for any other related publications, choose Text. For the Data Dictionary, choose Other Resource. ","","","","","[Text](https://w3id.org/gdmt/Text)","https://bioportal.bioontology.org/ontologies/GDMT/?p=classes&conceptid=https://w3id.org/gdmt/ResourceTypeCategory","https://w3id.org/radx/radmo/relatedResourceTypeCategory","","","Image, Interactive Resource, Workflow, Physical Object, Sound, Text, Event, Other Resource, Software, Audiovisual, Data File, Collection, Data Catalog, Service, Model, Data Stream, DataPaper","","","","","","","","","","","","","","","","","","",""
"","","","Optional","Related Resource Relation","relatedResourceRelation","Description of the relationship of the related resource to the Data File being described.","","","","","The publication describes how the data file is constructed and can be used.","","https://w3id.org/radx/radmo/relatedResourceRelation","paragraph","","","","","","","","","","","","","","","","","","","","",""
"","Data File Rights","MULTIPLE","","","dataFileRights","A list of ways in which the data file may or may not be accessed and used.","","","","","","","https://w3id.org/radx/radmo/dataFileRights","","","","","","","","","","","","","","","","","","","","","",""
"","","","Optional","License Name","licenseName","A standardized version of the license name.","yes","","","","[CC BY-SA 4.0](https://w3id.org/gdmt/CCBYSA4.0)","https://bioportal.bioontology.org/ontologies/GDMT/?p=classes&conceptid=https://w3id.org/gdmt/LicenseIdentifier","https://w3id.org/radx/radmo/licenseName","","","0BSD, AAL, Abstyles, Adobe-2006, Adobe-Glyph, ADSL, AFL-1.1, AFL-1.2, AFL-2.0, AFL-2.1, AFL-3.0, Afmparse, AGPL-1.0-only, AGPL-1.0-or-later, AGPL-3.0-only, AGPL-3.0-or-later, Aladdin, AMDPLPA, AML, AMPAS, ANTLR-PD, ANTLR-PD-fallback, Apache-1.0, Apache-1.1, Apache-2.0, APAFML, APL-1.0, APSL-1.0, APSL-1.1, APSL-1.2, APSL-2.0, Artistic-1.0, Artistic-1.0-cl8, Artistic-1.0-Perl, Artistic-2.0, Bahyph, Barr, Beerware, BitTorrent-1.0, BitTorrent-1.1, blessing, BlueOak-1.0.0, Borceux, BSD-1-Clause, BSD-2-Clause, BSD-2-Clause-Patent, BSD-2-Clause-Views, BSD-3-Clause, BSD-3-Clause-Attribution, BSD-3-Clause-Clear, BSD-3-Clause-LBNL, BSD-3-Clause-No-Nuclear-License, BSD-3-Clause-No-Nuclear-License-2014, BSD-3-Clause-No-Nuclear-Warranty, BSD-3-Clause-Open-MPI, BSD-4-Clause, BSD-4-Clause-UC, BSD-Protection, BSD-Source-Code, BSL-1.0, BUSL-1.1, bzip2-1.0.5, bzip2-1.0.6, CAL-1.0, CAL-1.0-Combined-Work-Exception, Caldera, CATOSL-1.1, CC-BY-1.0, CC-BY-2.0, CC-BY-2.5, CC-BY-3.0, CC-BY-3.0-AT, CC-BY-3.0-US, CC-BY-4.0, CC-BY-NC-1.0, CC-BY-NC-2.0, CC-BY-NC-2.5, CC-BY-NC-3.0, CC-BY-NC-4.0, CC-BY-NC-ND-1.0, CC-BY-NC-ND-2.0, CC-BY-NC-ND-2.5, CC-BY-NC-ND-3.0, CC-BY-NC-ND-3.0-IGO, CC-BY-NC-ND-4.0, CC-BY-NC-SA-1.0, CC-BY-NC-SA-2.0, CC-BY-NC-SA-2.5, CC-BY-NC-SA-3.0, CC-BY-NC-SA-4.0, CC-BY-ND-1.0, CC-BY-ND-2.0, CC-BY-ND-2.5, CC-BY-ND-3.0, CC-BY-ND-4.0, CC-BY-SA-1.0, CC-BY-SA-2.0, CC-BY-SA-2.0-UK, CC-BY-SA-2.5, CC-BY-SA-3.0, CC-BY-SA-3.0-AT, CC-BY-SA-4.0, CC-PDDC, CC0-1.0, CDDL-1.0, CDDL-1.1, CDLA-Permissive-1.0, CDLA-Sharing-1.0, CECILL-1.0, CECILL-1.1, CECILL-2.0, CECILL-2.1, CECILL-B, CECILL-C, CERN-OHL-1.1, CERN-OHL-1.2, CERN-OHL-P-2.0, CERN-OHL-S-2.0, CERN-OHL-W-2.0, ClArtistic, CNRI-Jython, CNRI-Python, CNRI-Python-GPL-Compatible, Condor-1.1, copyleft-next-0.3.0, copyleft-next-0.3.1, CPAL-1.0, CPL-1.0, CPOL-1.02, Crossword, CrystalStacker, CUA-OPL-1.0, Cube, curl, D-FSL-1.0, diffmark, DOC, Dotseqn, DSDP, dvipdfm, ECL-1.0, ECL-2.0, EFL-1.0, EFL-2.0, eGenix, Entessa, EPICS, EPL-1.0, EPL-2.0, ErlPL-1.1, etalab-2.0, EUDatagrid, EUPL-1.0, EUPL-1.1, EUPL-1.2, Eurosym, Fair, Frameworx-1.0, FreeImage, FSFAP, FSFUL, FSFULLR, FTL, GFDL-1.1-invariants-only, GFDL-1.1-invariants-or-later, GFDL-1.1-no-invariants-only, GFDL-1.1-no-invariants-or-later, GFDL-1.1-only, GFDL-1.1-or-later, GFDL-1.2-invariants-only, GFDL-1.2-invariants-or-later, GFDL-1.2-no-invariants-only, GFDL-1.2-no-invariants-or-later, GFDL-1.2-only, GFDL-1.2-or-later, GFDL-1.3-invariants-only, GFDL-1.3-invariants-or-later, GFDL-1.3-no-invariants-only, GFDL-1.3-no-invariants-or-later, GFDL-1.3-only, GFDL-1.3-or-later, Giftware, GL2PS, Glide, Glulxe, GLWTPL, gnuplot, GPL-1.0-only, GPL-1.0-or-later, GPL-2.0-only, GPL-2.0-or-later, GPL-3.0-only, GPL-3.0-or-later, gSOAP-1.3b, HaskellReport, Hippocratic-2.1, HPND, HPND-sell-variant, HTMLTIDY, IBM-pibs, ICU, IJG, ImageMagick, iMatix, Imlib2, Info-ZIP, Intel, Intel-ACPI, Interbase-1.0, IPA, IPL-1.0, ISC, JasPer-2.0, JPNIC, JSON, LAL-1.2, LAL-1.3, Latex2e, Leptonica, LGPL-2.0-only, LGPL-2.0-or-later, LGPL-2.1-only, LGPL-2.1-or-later, LGPL-3.0-only, LGPL-3.0-or-later, LGPLLR, Libpng, libpng-2.0, libselinux-1.0, libtiff, LiLiQ-P-1.1, LiLiQ-R-1.1, LiLiQ-Rplus-1.1, Linux-OpenIB, LPL-1.0, LPL-1.02, LPPL-1.0, LPPL-1.1, LPPL-1.2, LPPL-1.3a, LPPL-1.3c, MakeIndex, MirOS, MIT, MIT-0, MIT-advertising, MIT-CMU, MIT-enna, MIT-feh, MIT-open-group, MITNFA, Motosoto, mpich2, MPL-1.0, MPL-1.1, MPL-2.0, MPL-2.0-no-copyleft-exception, MS-PL, MS-RL, MTLL, MulanPSL-1.0, MulanPSL-2.0, Multics, Mup, NASA-1.3, Naumen, NBPL-1.0, NCGL-UK-2.0, NCSA, Net-SNMP, NetCDF, Newsletr, NGPL, NIST-PD, NIST-PD-fallback, NLOD-1.0, NLPL, Nokia, NOSL, Noweb, NPL-1.0, NPL-1.1, NPOSL-3.0, NRL, NTP, NTP-0, O-UDA-1.0, OCCT-PL, OCLC-2.0, ODbL-1.0, ODC-By-1.0, OFL-1.0, OFL-1.0-no-RFN, OFL-1.0-RFN, OFL-1.1, OFL-1.1-no-RFN, OFL-1.1-RFN, OGC-1.0, OGL-Canada-2.0, OGL-UK-1.0, OGL-UK-2.0, OGL-UK-3.0, OGTSL, OLDAP-1.1, OLDAP-1.2, OLDAP-1.3, OLDAP-1.4, OLDAP-2.0, OLDAP-2.0.1, OLDAP-2.1, OLDAP-2.2, OLDAP-2.2.1, OLDAP-2.2.2, OLDAP-2.3, OLDAP-2.4, OLDAP-2.5, OLDAP-2.6, OLDAP-2.7, OLDAP-2.8, OML, OpenSSL, OPL-1.0, OSET-PL-2.1, OSL-1.0, OSL-1.1, OSL-2.0, OSL-2.1, OSL-3.0, Parity-6.0.0, Parity-7.0.0, PDDL-1.0, PHP-3.0, PHP-3.01, Plexus, PolyForm-Noncommercial-1.0.0, PolyForm-Small-Business-1.0.0, PostgreSQL, PSF-2.0, psfrag, psutils, Python-2.0, Qhull, QPL-1.0, Rdisc, RHeCos-1.1, RPL-1.1, RPL-1.5, RPSL-1.0, RSA-MD, RSCPL, Ruby, SAX-PD, Saxpath, SCEA, Sendmail, Sendmail-8.23, SGI-B-1.0, SGI-B-1.1, SGI-B-2.0, SHL-0.5, SHL-0.51, SimPL-2.0, SISSL, SISSL-1.2, Sleepycat, SMLNJ, SMPPL, SNIA, Spencer-86, Spencer-94, Spencer-99, SPL-1.0, SSH-OpenSSH, SSH-short, SSPL-1.0, SugarCRM-1.1.3, SWL, TAPR-OHL-1.0, TCL, TCP-wrappers, TMate, TORQUE-1.1, TOSL, TU-Berlin-1.0, TU-Berlin-2.0, UCL-1.0, Unicode-DFS-2015, Unicode-DFS-2016, Unicode-TOU, Unlicense, UPL-1.0, Vim, VOSTROM, VSL-1.0, W3C, W3C-19980720, W3C-20150513, Watcom-1.0, Wsuipa, WTFPL, X11, Xerox, XFree86-1.1, xinetd, Xnet, xpp, XSkat, YPL-1.0, YPL-1.1, Zed, Zend-2.0, Zimbra-1.3, Zimbra-1.4, Zlib, zlib-acknowledgement, ZPL-1.1, ZPL-2.0, ZPL-2.1","","","","","","","","","","","","","","","","","","",""
"","","","Optional","License Text","licenseText","Text string describing any rights information for the data file being described.

If a uniquely identiable license is named above, it is not necessary to repeat the text of the license in this field. This field allows additional rights information to be provided, either to expand licensing terms, clarify the license holder, or provide unique license terms that are not available in a standardized license.","","","","","","","https://w3id.org/radx/radmo/licenseText","","","","","","","","","","","","","","","","","","","","","",""
"","Data File Dates","MULTIPLE","","","dataFileDates","A list of relevant dates related to the data file being described. Such dates pertain to some data-file-related event, for example ""creation date"", ""submission date"" etc. Dates are specified as a pair containing the actual date (in ISO-8601 format) and the event that the date relates to. See individual fields for specific examples.

The dates of some types of events can be captured by the RADx Data Hub, for example the ""Submitted"" date/time.","","","","","","","https://w3id.org/radx/radmo/dataFileDates","","","","","","","","","","","","","","","","","","","","","",""
"","","","Optional","Event Type","eventType","Type of Data File event that the date is associated with. The Event Type is usually considered with respect to the corresponding actor; for example, Created is typically the initial creation of the Data File by its originator, Accepted is when an ingested Data File is approved (e.g., by the Data Hub), and Updated is the time of the most recent change to the Data File.","yes","","","","[Created](https://w3id.org/gdmt/Created)","https://bioportal.bioontology.org/ontologies/GDMT/?p=classes&conceptid=https://w3id.org/gdmt/DateType","https://w3id.org/radx/radmo/eventType","","","Accepted, Available, Collected, Copyrighted, Created, Issued, Published, Submitted, Updated, Valid, Withdrawn","","","","","","","","","","","","","","","","","","",""
"","","","Optional","Date","date","The date/time that is specific to the associated event. 

Note that dates must be specified in [ISO-8601](https://en.wikipedia.org/wiki/ISO_8601) format. This format specifies date/times in a locale neutral way with temporal components ordered largest to smallest, for example year, month, day. Note that times are in 24 hour clock (military time) format, thus 13:43 is 1:43pm. When times are specified a time zone must also be specified (Z or +00:00 indicates Greenwich Mean Time).

The date time 2022-11-23T01:23:45.678-07:00 specifies November 23, 2022 at just past 1:23am Pacific Daylight Time. Hyphens and colons are optional.

The date 2022-09-23 specifies September 23, 2022 (without a time stamp). Dates are assumed GMT if no time zone is specified.","","","","","2022-11-23T01:23:45.678-07:00","","https://w3id.org/radx/radmo/date","datetime","","","","","","","","","","","","","","","","","","","","",""
"","Data File Parent Studies","MULTIPLE","","","dataFileParentStudies","A list of research studies for which this data file was created.","","","","","","","https://w3id.org/radx/radmo/dataFileParentStudies","","","","","","","","","","","","","","","","","","","","","",""
"","","","Required","PHS Identifier","phsIdentifier","The PHS number that identifies the study for which this data file was created.

This corresponds to the _local identifier_ in the DataCite standard. All RADx studies are required to have a PHS identifier; if you do not have one, please contact the Data Hub for information on filling out this field.","","","","","phs000296","","https://w3id.org/radx/radmo/phsIdentifier","","","","","","","","","","","","","","","","","","","","","",""
"","","","Recommended","Study Identifier","studyIdentifier","Globally unique string that identifies the study for which this data file was created.","yes","","","","https://www.ncbi.nlm.nih.gov/projects/gap/cgi-bin/study.cgi?study_id=phs000296","","https://w3id.org/radx/radmo/studyIdentifier","","","","","","","","","","","","","","","","","","","","","",""
"","","","Recommended","Study Name","studyName","The name of the research study for which this data file was created.","","","","","NHLBI GO-ESP: Lung Cohorts Exome Sequencing Project (COPDGene)","","https://w3id.org/radx/radmo/studyName","","","","","","","","","","","","","","","","","","","","","",""
"","","","Optional","Study Start Date","studyStartDate","The official start date for the study for which this data file was created. This date must be in the ISO-8601 format of yyyy-mm-dd. For example, 2022-10-05 specifies October 5, 2022.

This field is considered auxiliary information to the initially registered Study Start Date. It will not update the registered information, but may trigger a verification that the registered Start Date has not changed.","","","","","2021-10-05","","https://w3id.org/radx/radmo/studyStartDate","date","","","","","","","","","","","","","","","","","","","","",""
"","","","Optional","Study End Date","studyEndDate","The official end date for the study for which this data file was created. This date must be in the ISO-8601 format of yyyy-mm-dd. For example, 2022-10-05 specifies October 5, 2022.

This field is considered auxiliary information to the initially registered Study End Date. It will not update the registered information, but may trigger a verification that the registered End Date has not changed.","","","","","2022-10-05","","https://w3id.org/radx/radmo/studyEndDate","date","","","","","","","","","","","","","","","","","","","","",""
"","Data File Funding Sources","MULTIPLE","","","dataFileFundingSources","A list of sources of funding that enabled and drove the creation of the data file. (Non-monetary sources are described under Contributor.) Each funding source may be described as a separate element (set of fields).","","","","","","","https://w3id.org/radx/radmo/dataFileFundingSources","","","","","","","","","","","","","","","","","","","","","",""
"","","","Optional","Award Title","awardTitle","The human readable title of the award, grant, or other specific funding mechanism for the described data file.","","","","","Safer At School Early Alert (SASEA)","","https://w3id.org/radx/radmo/awardTitle","","","","","","","","","","","","","","","","","","","","","",""
"","","","Optional","Award Page URL","awardPageUrl","The unique identifier (IRI) leading to a page provided by the funder for more information about the award (grant).","yes","","","","https://reporter.nih.gov/search/44g5CsIy-EGIvKlnlFwXrA/project-details/10447530","","https://w3id.org/radx/radmo/awardPageUrl","IRI","","","","","","","","","","","","","","","","","","","","",""
"","","","Recommended","Award Local Identifier","awardLocalIdentifier","The code assigned by the funding provider to a sponsored award (grant). (This can be an IRI, but typically is not.)","","","","","1U01HD108787-01","","https://w3id.org/radx/radmo/awardLocalIdentifier","","","","","","","","","","","","","","","","","","","","","",""
"","","","Recommended","Funder Name","funderName","Name of the organization providing the funding for the described data file ('funding provider').

This is typically the NIH Institute that awarded the grant.","","","","","Eunice Kennedy Shriver National Institute of Child Health and Human Development","","https://w3id.org/radx/radmo/funderName","","","","","","","","","","","","","","","","","","","","","",""
"","","","Recommended","Funder Identifier","funderIdentifier","Globally unique string that identifies the funding provider. A list of NIH Institute identifiers may be found [here](https://ror.org/01cwqze88).

|NIH Institute | Identifier |
|----------|------------|
|Center for Information Technology|[https://ror.org/03jh5a977](https://ror.org/03jh5a977)|
|Center for Scientific Review|[https://ror.org/04r5s4b52](https://ror.org/04r5s4b52)|
|Eunice Kennedy Shriver National Institute of Child Health and Human Development|[https://ror.org/04byxyr05](https://ror.org/04byxyr05)|
|Fogarty International Center|[https://ror.org/02xey9a22](https://ror.org/02xey9a22)|
|National Cancer Institute|[https://ror.org/040gcmg81](https://ror.org/040gcmg81)|
|National Center for Advancing Translational Sciences|[https://ror.org/04pw6fb54](https://ror.org/04pw6fb54)|
|National Center for Complementary and Integrative Health|[https://ror.org/00190t495](https://ror.org/00190t495)|
|National Eye Institute|[https://ror.org/03wkg3b53](https://ror.org/03wkg3b53)|
|National Heart Lung and Blood Institute|[https://ror.org/012pb6c26](https://ror.org/012pb6c26)|
|National Human Genome Research Institute|[https://ror.org/00baak391](https://ror.org/00baak391)|
|National Institute of Allergy and Infectious Diseases|[https://ror.org/043z4tv69](https://ror.org/043z4tv69)|
|National Institute of Arthritis and Musculoskeletal and Skin Diseases|[https://ror.org/006zn3t30](https://ror.org/006zn3t30)|
|National Institute of Biomedical Imaging and Bioengineering|[https://ror.org/00372qc85](https://ror.org/00372qc85)|
|National Institute of Dental and Craniofacial Research|[https://ror.org/004a2wv92](https://ror.org/004a2wv92)|
|National Institute of Diabetes and Digestive and Kidney Diseases|[https://ror.org/00adh9b73](https://ror.org/00adh9b73)|
|National Institute of Environmental Health Sciences|[https://ror.org/00j4k1h63](https://ror.org/00j4k1h63)|
|National Institute of General Medical Sciences|[https://ror.org/04q48ey07](https://ror.org/04q48ey07)|
|National Institute of Mental Health|[https://ror.org/04xeg9z08](https://ror.org/04xeg9z08)|
|National Institute of Neurological Disorders and Stroke|[https://ror.org/01s5ya894](https://ror.org/01s5ya894)|
|National Institute of Nursing Research|[https://ror.org/01y3zfr79](https://ror.org/01y3zfr79)|
|National Institute on Aging|[https://ror.org/049v75w11](https://ror.org/049v75w11)|
|National Institute on Alcohol Abuse and Alcoholism|[https://ror.org/02jzrsm59](https://ror.org/02jzrsm59)|
|National Institute on Deafness and Other Communication Disorders|[https://ror.org/04mhx6838](https://ror.org/04mhx6838)|
|National Institute on Drug Abuse|[https://ror.org/00fq5cm18](https://ror.org/00fq5cm18)|
|National Institute on Minority Health and Health Disparities|[https://ror.org/0493hgw16](https://ror.org/0493hgw16)|
|National Institutes of Health Clinical Center|[https://ror.org/04vfsmv21](https://ror.org/04vfsmv21)|
|Office of the Director|[https://ror.org/00fj8a872](https://ror.org/00fj8a872)|
|United States National Library of Medicine|[https://ror.org/0060t0j89](https://ror.org/0060t0j89)|","yes","","","","https://ror.org/04byxyr05","","https://w3id.org/radx/radmo/funderIdentifier","","","","","","","","","","","","","","","","","","","","","",""
"","Data File Distributions","MULTIPLE","","","dataFileDistributions","A list of specific (non-Data Hub) distributions for this data file. If the only available distribution for the Data File is in the RADx Data Hub, there is no need to fill out Distribution information.","","","","","","","https://w3id.org/radx/radmo/dataFileDistributions","","","","","","","","","","","","","","","","","","","","","",""
"","","","Optional","Distribution Publisher","distributionPublisher","The organization or resource that provides services to make publicly available this distribution of the data file.","","","","","","","https://w3id.org/radx/radmo/distributionPublisher","","","","","","","","","","","","","","","","","","","","","",""
"","","","Optional","Distribution Publisher Identifier","distributionPublisherIdentifier","Globally unique string that identifies the Distribution Publisher.","","","","","","https://bioportal.bioontology.org/ontologies/GDMT/?p=classes&conceptid=https://w3id.org/gdmt/IdentifierScheme","https://w3id.org/radx/radmo/distributionPublisherIdentifier","","","","","","","","","","","","","","","","","","","","","",""
"","","","Optional","Distribution Identifier","distributionIdentifier","A globally unique string that identifies the data file distribution.","","","","","","","https://w3id.org/radx/radmo/distributionIdentifier","","","","","","","","","","","","","","","","","","","","","",""
"","","","Optional","Distribution Identifier Type","distributionIdentifierType","The identifier type used to identify the data file distribution.","","","","","","https://bioportal.bioontology.org/ontologies/GDMT/?p=classes&conceptid=https://w3id.org/gdmt/IdentifierType","https://w3id.org/radx/radmo/distributionIdentifierType","","","ARK, arXiv, bibcode, DOI, EAN13, EISSN, Handle, IGSN, IRI, ISBN, ISSN, ISTC, LISSN, LSID, PMID, PURL, UPC, URI, URL, URN, w3id","","","","","","","","","","","","","","","","","","",""
"","","","Optional","Distribution Format","distributionFormat","An established standard to which the data file distribution conforms.","","","","","","","https://w3id.org/radx/radmo/distributionFormat","","","","","","","","","","","","","","","","","","","","","",""
"","","","Optional","Distribution Media Type","distributionMediaType","A media type (formerly known as a MIME type) of data file distribution. The most common media type for dataset distributions in the RADx Data Hub is [text/css](https://w3id.org/gdmt/text-css)","","","","","","https://bioportal.bioontology.org/ontologies/GDMT/?p=classes&conceptid=https://w3id.org/gdmt/MIMEType","https://w3id.org/radx/radmo/distributionMediaType","","","application/acad, application/arj, application/base64, application/binhex, application/binhex4, application/book, application/cdf, application/clariscad, application/commonground, application/drafting, application/dsptype, application/dxf, application/ecmascript, application/envoy, application/epub+zip, application/excel, application/fractals, application/freeloader, application/futuresplash, application/gnutar, application/groupwise, application/hlp, application/hta, application/i-deas, application/iges, application/inf, application/java, application/java-archive, application/java-byte-code, application/javascript, application/json, application/ld+json, application/lha, application/lzx, application/mac-binary, application/mac-binhex, application/mac-binhex40, application/mac-compactpro, application/macbinary, application/marc, application/mbedlet, application/mcad, application/mime, application/mspowerpoint, application/msword, application/mswrite, application/netmc, application/octet-stream, application/oda, application/ogg, application/pdf, application/pkcs-12, application/pkcs-crl, application/pkcs10, application/pkcs7-mime, application/pkcs7-signature, application/pkix-cert, application/pkix-crl, application/plain, application/postscript, application/powerpoint, application/pro_eng, application/ringing-tones, application/rtf, application/sdp, application/sea, application/set, application/sla, application/smil, application/solids, application/sounder, application/step, application/streamingmedia, application/toolbook, application/vda, application/vnd.amazon.ebook, application/vnd.android.package-archive, application/vnd.apple.installer+xml, application/vnd.fdf, application/vnd.hp-hpgl, application/vnd.hp-pcl, application/vnd.mozilla.xul+xml, application/vnd.ms-excel, application/vnd.ms-fontobject, application/vnd.ms-pki.certstore, application/vnd.ms-pki.pko, application/vnd.ms-pki.seccat, application/vnd.ms-pki.stl, application/vnd.ms-powerpoint, application/vnd.ms-project, application/vnd.nokia.configuration-message, application/vnd.nokia.ringing-tone, application/vnd.oasis.opendocument.presentation, application/vnd.oasis.opendocument.spreadsheet, application/vnd.oasis.opendocument.text, application/vnd.openxmlformats-officedocument.presentationml.presentation, application/vnd.openxmlformats-officedocument.spreadsheetml.sheet, application/vnd.openxmlformats-officedocument.wordprocessingml.document, application/vnd.rn-realmedia, application/vnd.rn-realplayer, application/vnd.visio, application/vnd.wap.wmlc, application/vnd.wap.wmlscriptc, application/vnd.xara, application/vocaltec-media-desc, application/vocaltec-media-file, application/wordperfect, application/wordperfect6.0, application/wordperfect6.1, application/x-123, application/x-7z-compressed, application/x-abiword, application/x-aim, application/x-authorware-bin, application/x-authorware-map, application/x-authorware-seg, application/x-bcpio, application/x-binary, application/x-binhex40, application/x-bsh, application/x-bytecode.elisp (compiled elisp), application/x-bytecode.python, application/x-bzip, application/x-bzip2, application/x-cdf, application/x-cdlink, application/x-chat, application/x-cmu-raster, application/x-cocoa, application/x-compactpro, application/x-compress, application/x-compressed, application/x-conference, application/x-cpio, application/x-cpt, application/x-csh, application/x-deepv, application/x-director, application/x-dvi, application/x-elc, application/x-envoy, application/x-esrehber, application/x-excel, application/x-fictionbook, application/x-frame, application/x-freearc, application/x-freelance, application/x-gsp, application/x-gss, application/x-gtar, application/x-gzip, application/x-hdf, application/x-helpfile, application/x-httpd-imap, application/x-ima, application/x-internett-signup, application/x-inventor, application/x-ip2, application/x-java-class, application/x-java-commerce, application/x-javascript, application/x-koan, application/x-ksh, application/x-latex, application/x-lha, application/x-lisp, application/x-livescreen, application/x-lotus, application/x-lotusscreencam, application/x-lzh, application/x-lzx, application/x-mac-binhex40, application/x-macbinary, application/x-magic-cap-package-1.0, application/x-mathcad, application/x-meme, application/x-midi, application/x-mif, application/x-mix-transfer, application/x-mplayer2, application/x-msexcel, application/x-mspowerpoint, application/x-navi-animation, application/x-navidoc, application/x-navimap, application/x-navistyle, application/x-netcdf, application/x-newton-compatible-pkg, application/x-nokia-9000-communicator-add-on-software, application/x-omc, application/x-omcdatamaker, application/x-omcregerator, application/x-pagemaker, application/x-pcl, application/x-pixclscript, application/x-pkcs10, application/x-pkcs12, application/x-pkcs7-certificates, application/x-pkcs7-certreqresp, application/x-pkcs7-mime, application/x-pkcs7-signature, application/x-pointplus, application/x-portable-anymap, application/x-project, application/x-qpro, application/x-rar-compressed, application/x-rtf, application/x-sdp, application/x-sea, application/x-seelogo, application/x-sh, application/x-shar, application/x-shockwave-flash, application/x-sit, application/x-sprite, application/x-stuffit, application/x-sv4cpio, application/x-sv4crc, application/x-tar, application/x-tbook, application/x-tcl, application/x-tex, application/x-texinfo, application/x-troff, application/x-troff-man, application/x-troff-me, application/x-troff-ms, application/x-troff-msvideo, application/x-ustar, application/x-visio, application/x-vnd.audioexplosion.mzz, application/x-vnd.ls-xpix, application/x-vrml, application/x-wais-source, application/x-winhelp, application/x-wintalk, application/x-world, application/x-wpwin, application/x-wri, application/x-x509-ca-cert, application/x-x509-user-cert, application/xhtml+xml, application/xml, application/zip, audio/aac, audio/aiff, audio/basic, audio/it, audio/make, audio/make.my.funk, audio/mid, audio/midi, audio/mod, audio/mp3, audio/mpeg, audio/nspaudio, audio/ogg, audio/s3m, audio/tsp-audio, audio/tsplayer, audio/vnd.qcelp, audio/voc, audio/voxware, audio/wav, audio/webm, audio/x-adpcm, audio/x-aiff, audio/x-au, audio/x-gsm, audio/x-jam, audio/x-liveaudio, audio/x-mid, audio/x-midi, audio/x-mod, audio/x-mpeg, audio/x-mpequrl, audio/x-nspaudio, audio/x-pn-realaudio, audio/x-pn-realaudio-plugin, audio/x-psid, audio/x-realaudio, audio/x-twinvq, audio/x-twinvq-plugin, audio/x-vnd.audioexplosion.mjuicemediafile, audio/x-voc, audio/x-wav, audio/xm, chemical/x-pdb, drawing/x-dwf (old), font/otf, font/ttf, font/woff, font/woff2, i-world/i-vrml, image/bmp, image/cmu-raster, image/fif, image/florian, image/g3fax, image/gif, image/ief, image/jpeg, image/jutvision, image/naplps, image/pict, image/pjpeg, image/png, image/svg+xml, image/tiff, image/vasa, image/vnd.djvu, image/vnd.dwg, image/vnd.fpx, image/vnd.microsoft.icon, image/vnd.net-fpx, image/vnd.rn-realflash, image/vnd.rn-realpix, image/vnd.wap.wbmp, image/vnd.xiff, image/webp, image/x-cmu-raster, image/x-dwg, image/x-icon, image/x-jg, image/x-jps, image/x-niff, image/x-pcx, image/x-pict, image/x-portable-anymap, image/x-portable-bitmap, image/x-portable-graymap, image/x-portable-greymap, image/x-portable-pixmap, image/x-quicktime, image/x-rgb, image/x-tiff, image/x-windows-bmp, image/x-xbitmap, image/x-xbm, image/x-xpixmap, image/x-xwd, image/x-xwindowdump, image/xbm, image/xpm, message/rfc822, model/iges, model/vnd.dwf, model/vrml, model/x-pov, multipart/x-gzip, multipart/x-ustar, music/crescendo, music/x-karaoke, paleovu/x-pv, text/asp, text/calendar, text/css, text/csv, text/ecmascript, text/fb2, text/html, text/javascript, text/mcf, text/pascal, text/plain, text/richtext, text/scriplet, text/sgml, text/tab-separated-values, text/uri-list, text/vnd.abc, text/vnd.fmi.flexstor, text/vnd.rn-realtext, text/vnd.wap.wml, text/vnd.wap.wmlscript, text/webviewhtml, text/x-asm, text/x-audiosoft-intra, text/x-c, text/x-component, text/x-fortran, text/x-h, text/x-java-source, text/x-la-asf, text/x-m, text/x-pascal, text/x-script, text/x-script.csh, text/x-script.elisp, text/x-script.guile, text/x-script.ksh, text/x-script.lisp, text/x-script.perl, text/x-script.perl-module, text/x-script.phyton, text/x-script.rexx, text/x-script.scheme, text/x-script.sh, text/x-script.tcl, text/x-script.tcsh, text/x-script.zsh, text/x-server-parsed-html, text/x-setext, text/x-sgml, text/x-speech, text/x-uil, text/x-uuencode, text/x-vcalendar, text/xml, video/3gpp, video/3gpp2, video/animaflex, video/avi, video/avs-video, video/dl, video/fli, video/gl, video/mp2t, video/mp4, video/mpeg, video/msvideo, video/ogg, video/quicktime, video/vdo, video/vivo, video/vnd.rn-realvideo, video/vnd.vivo, video/vosaic, video/webm, video/x-amt-demorun, video/x-amt-showrun, video/x-atomic3d-feature, video/x-dl, video/x-dv, video/x-fli, video/x-gl, video/x-isvideo, video/x-motion-jpeg, video/x-mpeg, video/x-mpeq2a, video/x-ms-asf, video/x-ms-asf-plugin, video/x-msvideo, video/x-qtc, video/x-scm, video/x-sgi-movie, windows/metafile, www/mime, x-conference/x-cooltalk, x-music/x-midi, x-world/x-3dmf, x-world/x-svr, x-world/x-vrml, x-world/x-vrt, xgl/drawing, xgl/movie","","","","","","","","","","","","","","","","","","",""
"","","","Optional","Distribution Size","distributionSize","Total size of data file distribution (in bytes).","","","","","","","https://w3id.org/radx/radmo/distributionSize","","","","","","","","","","","","","","","","","","","","","",""
"","","","Optional","Distribution Access Protocol","distributionAccessProtocol","The protocol used to access the data file distribution.","","","","","","","https://w3id.org/radx/radmo/distributionAccessProtocol","","","","","","","","","","","","","","","","","","","","","",""
"","","","Optional","Distribution Access Configuration","distributionAccessConfiguration","The access protocol configuration for querying the data file distribution.","","","","","","","https://w3id.org/radx/radmo/distributionAccessConfiguration","","","","","","","","","","","","","","","","","","","","","",""
"","","","Optional","Distribution Query Statement","distributionQueryStatement","Technical statement(s) for querying the data file distribution.","","","","","","","https://w3id.org/radx/radmo/distributionQueryStatement","","","","","","","","","","","","","","","","","","","","","",""
"","","","Optional","Data File Publication Date","dataFilePublicationDate","Date on which this distribution of the data file was published","","","","","","","https://w3id.org/radx/radmo/dataFilePublicationDate","date","","","","","","","","","","","","","","","","","","","","",""
"","Data Characteristics Summary","SINGLE","","","dataCharacteristicsSummary","Characteristics of the data within the data file, particularly of the cohorts in the data file. This section provides multiple ways to enter such information; it is only necessary to enter the information in one of these formats.","","","","","","","https://w3id.org/radx/radmo/dataCharacteristicsSummary","","","","","","","","","","","","","","","","","","","","","",""
"","","","Optional","Data Characteristics Table in HTML","dataCharacteristicsTableInHtml","Formatted HTML code for a table of summary statistics.","","","","","","","https://w3id.org/radx/radmo/dataCharacteristicsTableInHtml","textarea","","","","","","","","","","","","","","","","","","","","",""
"","","","Optional","Data Characteristics Table in CSV","dataCharacteristicsTableInCsv","Enter comma-separated values containing summary statistics characterizing this data file.","","","","","","","https://w3id.org/radx/radmo/dataCharacteristicsTableInCsv","textarea","","","","","","","","","","","","","","","","","","","","",""
"","","","Optional","Data Characteristics Table in TSV","dataCharacteristicsTableInTsv","Enter tab-separated values containing summary statistics characterizing this data file.","","","","","","","https://w3id.org/radx/radmo/dataCharacteristicsTableInTsv","","","","","","","","","","","","","","","","","","","","","",""
"","","","Optional","Data Characteristics Table in Key-Value Pairs","dataCharacteristicsTableInKeyValuePairs","Enter the name of the characteristic being described in the first (key) field, and the value for that characteristic in the second (value) field. Note this is a repeating field and so can support multiple key-value pairs.","","","","","","","https://w3id.org/radx/radmo/dataCharacteristicsTableInKeyValuePairs","attribute-value","","","","","","","","","","","","","","","","","","","","",""
"Provenance","","","","","","","","","","","","","https://w3id.org/radx/radmo/","","","","","","","","","","","","","","","","","","","","","",""
"","Data Sources","MULTIPLE","","","dataSources","A list of physical or conceptual entities (agents) that create the data streams that make up the described data file. A data source may or may not be associated with a fixed location; for example, a series of discrete sensors deployed over time, either to a single location or to a series of locations, may be considered a single data source in some systems.","","","","","","","https://w3id.org/radx/radmo/dataSources","","","","","","","","","","","","","","","","","","","","","",""
"","","","Optional","Data Source Name","dataSourceName","Human readable name of data source from which the variable(s) in the data stream(s) originate.","","","","","","","https://w3id.org/radx/radmo/dataSourceName","","","","","","","","","","","","","","","","","","","","","",""
"","","","Optional","Data Source Identifier","dataSourceIdentifier","Globally unique string that identifies the data source (e.g., PID of an instrument). This is a required field if you plan to describe the original source of a given Data Stream.","","","","","","","https://w3id.org/radx/radmo/dataSourceIdentifier","","","","","","","","","","","","","","","","","","","","","",""
"","Data Streams","MULTIPLE","","","dataStreams","A list of one or more variable records that contribute to this data file. Each data stream originates from a single data source (e.g., sensor, process, or person). A data stream can grow over time. ","","","","","","","https://w3id.org/radx/radmo/dataStreams","","","","","","","","","","","","","","","","","","","","","",""
"","","","Optional","Data Stream Name","dataStreamName","Human readable name of collection of records coming from a data source. A data stream is a collection of one or more variable records originating from a single data source (e.g., sensor, process, or person). A data stream can grow over time.","","","","","","","https://w3id.org/radx/radmo/dataStreamName","","","","","","","","","","","","","","","","","","","","","",""
"","","","Optional","Data Stream Identifier","dataStreamIdentifier","Globally unique string that identifies the collection of records coming from a data source.","","","","","","","https://w3id.org/radx/radmo/dataStreamIdentifier","","","","","","","","","","","","","","","","","","","","","",""
"","","","Optional","Data Stream Identifier Scheme","dataStreamIdentifierScheme","The name of the scheme or authority used for the Data Stream Identifier.","","","","","","https://bioportal.bioontology.org/ontologies/GDMT/?p=classes&conceptid=https://w3id.org/gdmt/IdentifierType","https://w3id.org/radx/radmo/dataStreamIdentifierScheme","","","ARK, arXiv, bibcode, DOI, EAN13, EISSN, Handle, IGSN, IRI, ISBN, ISSN, ISTC, LISSN, LSID, PMID, PURL, UPC, URI, URL, URN, w3id","","","","","","","","","","","","","","","","","","",""
"","","MULTIPLE","Optional","Data Stream Variable Names","dataStreamVariableNames","The local names of variables contained in the data stream.","","","","","","","https://w3id.org/radx/radmo/dataStreamVariableNames","","","","","","","","","","","","","","","","","","","","","",""
"","","","Optional","Data Stream Data Source Identifier","dataStreamDataSourceIdentifier","Globally unique string that identifies the data source (e.g., PID of an instrument) that generated this Data Stream.","","","","","","","https://w3id.org/radx/radmo/dataStreamDataSourceIdentifier","","","","","","","","","","","","","","","","","","","","","",""
"","Data File Creation Processes","MULTIPLE","","","dataFileCreationProcesses","A list of processes (activities) used to make the data file.","","","","","","","https://w3id.org/radx/radmo/dataFileCreationProcesses","","","","","","","","","","","","","","","","","","","","","",""
"","","","Optional","Process Name","processName","Full name of the process that operates to make the data file or product.","","","","","","","https://w3id.org/radx/radmo/processName","","","","","","","","","","","","","","","","","","","","","",""
"","","","Optional","Process IRI","processIri","Unique identifier (IRI) for the process used to make the data file or product (preferably a resolvable and persistent identifier). ","","","","","","","https://w3id.org/radx/radmo/processIri","","","","","","","","","","","","","","","","","","","","","",""
"","","","Optional","Process Version","processVersion","Version of the process used to make this data file, typically a string (e.g., '3.0.3'). It may be a software release tag, e.g., in GitHub.","","","","","","","https://w3id.org/radx/radmo/processVersion","","","","","","","","","","","","","","","","","","","","","",""
"","","","Optional","Process Execution Identifier","processExecutionIdentifier","Identification of the particular run of the process used to make this data file. 

This is a deterministic string; in software, typically it is either a timestamp combined with the machine on which the software was executed; or a unique identifier generated by the controlling software for each run of the process.","","","","","","","https://w3id.org/radx/radmo/processExecutionIdentifier","","","","","","","","","","","","","","","","","","","","","",""
"Spatiotemporal Coverage","","","","","","","","","","","","","https://w3id.org/radx/radmo/","","","","","","","","","","","","","","","","","","","","","",""
"","Data File Temporal Coverage","MULTIPLE","","","dataFileTemporalCoverage","A list of temporal descriptions that specify the temporal coverage of the data contained within the data file associated with this metadata.","","","","","","","https://w3id.org/radx/radmo/dataFileTemporalCoverage","","","","","","","","","","","","","","","","","","","","","",""
"","","","Optional","Temporal Extent Minimum Value","temporalExtentMinimumValue","The start date (and optionally time) of the data.

Note that dates must be specified in [ISO-8601](https://en.wikipedia.org/wiki/ISO_8601) format. This format specifies date/times in a locale neutral way with temporal components ordered largest to smallest, for example year, month, day. Note that times are in 24 hour clock (military time) format, thus 13:43 is 1:43pm. When times are specified a time zone must also be specified (Z or +00:00 indicates Greenwich Mean Time).

The date time 2022-11-23T01:23:45.678-07:00 specifies November 23, 2022 at just past 1:23am Pacific Daylight Time. Hyphens and colons are optional.

The date 2022-09-23 specifies September 23, 2022 (without a time stamp). Dates are assumed GMT if no time zone is specified.","","","","","2022-06-01","","https://w3id.org/radx/radmo/temporalExtentMinimumValue","date","","","","","","","","","","","","","","","","","","","","",""
"","","","Optional","Temporal Extent Maximum Value","temporalExtentMaximumValue","The end date (and optionally time) of the data.

Note that dates must be specified in [ISO-8601](https://en.wikipedia.org/wiki/ISO_8601) format. This format specifies date/times in a locale neutral way with temporal components ordered largest to smallest, for example year, month, day. Note that times are in 24 hour clock (military time) format, thus 13:43 is 1:43pm. When times are specified a time zone must also be specified (Z or +00:00 indicates Greenwich Mean Time).

The date time 2022-11-23T01:23:45.678-07:00 specifies November 23, 2022 at just past 1:23am Pacific Daylight Time. Hyphens and colons are optional.

The date 2022-09-23 specifies September 23, 2022 (without a time stamp). Dates are assumed GMT if no time zone is specified.","","","","","2022-06-29","","https://w3id.org/radx/radmo/temporalExtentMaximumValue","date","","","","","","","","","","","","","","","","","","","","",""
"","","","Optional","Temporal Resolution","temporalResolution","The nominal time interval between the measurement time of one data record and that of the following data record, in seconds. Measurement time can be considered as the beginning, end, or other known point in the measurement process.

Most repeating measurement processes have some variation in the interval between measurements. If there is no planned schedule for the measurements, this value can be set to 0.","","","","","3600","","https://w3id.org/radx/radmo/temporalResolution","","","","","","","","","","","","","","","","","","","","","",""
"","","","Optional","Duration","duration","The total duration of data temporal coverage, specified in in [ISO-8601](https://en.wikipedia.org/wiki/ISO_8601) duration format.

P is the duration designator (for period) placed at the start of the duration representation.
- Y is the year designator that follows the value for the number of calendar years.
- M is the month designator that follows the value for the number of calendar months.
- W is the week designator that follows the value for the number of weeks.
- D is the day designator that follows the value for the number of calendar days.
T is the time designator that precedes the time components of the representation.
- H is the hour designator that follows the value for the number of hours.
- M is the minute designator that follows the value for the number of minutes.
- S is the second designator that follows the value for the number of seconds.

The duration format must begin with P, and include at least one designator and value; other designators may be dropped. The smallest designator may include a decimal fraction. For example, P8DT1.5H indicates a duration of 8 calendar days + 1.5 hours.","","","The value of this field is computed from the difference between the _Temporal Extent Minimum Value_ and _Temporal Extent Maximum Value_ fields, if both those fields are available.","","P8DT1.5H","","https://w3id.org/radx/radmo/duration","","","","","","","","","","","","","","","","","","","","","",""
"","Data File Spatial Coverage","MULTIPLE","","","dataFileSpatialCoverage","A list of geospatial descriptions that specify the geographical coverage of the data contained within the data file associated with this metadata.","","","","","","","https://w3id.org/radx/radmo/dataFileSpatialCoverage","","","","","","","","","","","","","","","","","","","","","",""
"",">Bounding Boxes","MULTIPLE","","",">oundingBoxes","A list of geographical bounding boxes that specifies the geographical coverage of the data contained within the data file associated with this metadata.","","","","","","","https://w3id.org/radx/radmo/>oundingBoxes","","","","","","","","","","","","","","","","","","","","","",""
"","","","Optional","Maximum Latitude","maximumLatitude","Location of the maximum, or northernmost, data point in this data file, expressed in decimal degrees (southern latitudes are negative).

37.5 specifies 37.5 degrees North (37 degrees and 30 minutes North)

-5.5  specifies 5.5 degrees South (5 degrees and 30 minutes South)","","","","","-121.208178","","https://w3id.org/radx/radmo/maximumLatitude","","","","","","","","","","","","","","","","","","","","","",""
"","","","Optional","Minimum Latitude","minimumLatitude","Location of the minimum, or southernmost, data point in this data file, expressed in decimal degrees (southern latitudes are negative).

37.5 specifies 37.5 degrees North (37 degrees and 30 minutes North)

-5.5  specifies 5.5 degrees South (5 degrees and 30 minutes South)","","","","","-122.202653","","https://w3id.org/radx/radmo/minimumLatitude","","","","","","","","","","","","","","","","","","","","","",""
"","","","Optional","Minimum Longitude","minimumLongitude","Location of the minimum, or westernmost, data point in this data file, expressed in decimal degrees (western longitudes are negative)

150.0 specifies 150 degrees East

-122.0 specifies 122 degrees West","","","","","36.892976","","https://w3id.org/radx/radmo/minimumLongitude","","","","","","","","","","","","","","","","","","","","","",""
"","","","Optional","Maximum Longitude","maximumLongitude","Location of the maximum, or easternmost, data point in this data file, expressed in decimal degrees (western longitudes are negative)

150.0 specifies 150 degrees East

-122.0 specifies 122 degrees West","","","","","37.484637","","https://w3id.org/radx/radmo/maximumLongitude","","","","","","","","","","","","","","","","","","","","","",""
"",">Bounding Shapes","MULTIPLE","","",">oundingShapes","A list of geographical coordinates that specifies the external bounday of the polygon that describes the coverage of the data contained within the data file being described.","","","","","","","https://w3id.org/radx/radmo/>oundingShapes","","","","","","","","","","","","","","","","","","","","","",""
"","","","Optional","Point Number","pointNumber","Monotonically increasing identifier of the point in the shape being defined (defined in clockwise order and containing the right side of the closed shape). The last point must be the same as the first point.","","","","","1","","https://w3id.org/radx/radmo/pointNumber","integer","","","","","","","","","","","","","","","","","","","","",""
"","","","Optional","Latitude","latitude","Location of this point in north latitude decimal degrees (southern latitudes are negative)

37.5 specifies 37.5 degrees North (37 degrees and 30 minutes North)

-5.5  specifies 5.5 degrees South (5 degrees and 30 minutes South)","","","","","10","","https://w3id.org/radx/radmo/latitude","float","","","","","","","","","","","","","","","","","","","","",""
"","","","Optional","Longitude","longitude","Location of this point in east longitude decimal degrees (western longitudes are negative)

150.0 specifies 150 degrees East

-122.0 specifies 122 degrees West","","","","","150","","https://w3id.org/radx/radmo/longitude","float","","","","","","","","","","","","","","","","","","","","",""
"",">Data File Geopolitical Coverage","MULTIPLE","","",">ataFileGeopoliticalCoverage","A list of regions specified by the totality of one or more place names","","","","","","","https://w3id.org/radx/radmo/>ataFileGeopoliticalCoverage","","","","","","","","","","","","","","","","","","","","","",""
"","","MULTIPLE","Optional","Geopolitical region ","geopoliticalRegion","Place name depicting a geopolitical region. Recommended practice is to use [Geonames](http://www.geonames.org/search.html) to find an identifier matching any particular place.","","","","","[New York City](https://www.geonames.org/5128581)","","https://w3id.org/radx/radmo/geopoliticalRegion","","","","","","","","","","","","","","","","","","","","","",""
"","Data File Elevation Coverage","MULTIPLE","","","dataFileElevationCoverage","A list of elevation ranges encompassed by the data within the data file being described.","","","","","","","https://w3id.org/radx/radmo/dataFileElevationCoverage","","","","","","","","","","","","","","","","","","","","","",""
"","","","Optional","Vertical Extent Minimum Value","verticalExtentMinimumValue","The minimum vertical extent of the data file collection, specified in meters. 

In case of depth, this is the maximum depth of data file collection (that is, it is a negative number of greater absolute magnitude than the Vertical Extent Maximum Value if that is also a depth). ","","","","","-1223","","https://w3id.org/radx/radmo/verticalExtentMinimumValue","float","","","","","","","","","","","","","","","","","","","","",""
"","","","Optional","Vertical Extent Maximum Value","verticalExtentMaximumValue","The maximum vertical extent of the collected, specified in meters. 

In case of depth, this is the minimum depth of data file collection (that is, it is a negative number of lesser absolute magnitude than the Vertical Extent Minimum Value). ","","","","","-2.5","","https://w3id.org/radx/radmo/verticalExtentMaximumValue","float","","","","","","","","","","","","","","","","","","","","",""
"","","","Optional","Vertical Extent Datum","verticalExtentDatum","The name of the Datum (reference frame) used for the Vertical Extent values.","","","","","WGS84","","https://w3id.org/radx/radmo/verticalExtentDatum","","","","","","","","","","","","","","","","","","","","","",""
"","","","Optional","Vertical Extent Datum IRI","verticalExtentDatumIri","The IRI (Internationalized Resource Identifier) of the Datum (reference frame) used for the Vertical Extent values.","","","","","https://epsg.io/4326","","https://w3id.org/radx/radmo/verticalExtentDatumIri","IRI","","","","","","","","","","","","","","","","","","","","",""
"Additional Information","","","","","","","","","","","","","https://w3id.org/radx/radmo/","","","","","","","","","","","","","","","","","","","","","",""
"","Auxiliary Metadata","","","","auxiliaryMetadata","Information about the data file or metadata submission that does not fit into the other categories","","","","","","","https://w3id.org/radx/radmo/auxiliaryMetadata","","","","","","","","","","","","","","","","","","","","","",""
"","","","Optional","Data File Descriptive Key-Value Pairs","dataFileDescriptiveKeyValuePairs","This field supports entry of both the metadata attribute name (in the first field), and the value for that attribute (in the second field). Note this is a repeating field and so can support multiple key-value pairs.","","","","","","","https://w3id.org/radx/radmo/dataFileDescriptiveKeyValuePairs","Attribute-Value","","","","","","","","","","","","","","","","","","","","",""
"","","MULTIPLE","Optional","Additional Commentary","additionalCommentary","This text field can contain additional information about the data file or provided metadata. Multiple Additional Commentary fields may be filled out to address different topics.","","","","","","","https://w3id.org/radx/radmo/additionalCommentary","textarea","","","","","","","","","","","","","","","","","","","","",""